CustomerID,FirstName,LastName,Email,Phone,Address,City,State,PostalCode,Country,DateCreated,DateOfBirth
1,Nathan,Mcbride,amandastanley@example.com,(927)933-5129x234,1593 Wise Circle Suite 788,New York,Missouri,25126,Kyrgyz Republic,2022-02-26,1991-09-15
2,Joshua,King,patrick60@example.com,605.811.5637,7476 Colon Parkway,New York,Maine,82891,Morocco,2020-12-18,1984-04-01
3,Kristy,Noble,afisher@example.net,+1-522-483-6831x8391,3975 Kidd Mews,New York,Colorado,3250,Nepal,2022-11-05,1988-03-23
4,Angela,Patterson,thomasjennifer@example.com,652.589.9664,2937 Mcdaniel Plains Suite 828,New York,Colorado,42011,Cayman Islands,2020-09-22,2002-01-17
5,Travis,Melendez,johnsonjonathan@example.net,510-995-1326x107,91857 Rodriguez Passage,New York,Colorado,81774,Mali,2021-07-01,2005-02-24
6,Amanda,Brown,derekperkins@example.org,+1-745-243-1857x3293,64306 Shepherd Fork,Los Angeles,Florida,16936,Greenland,2022-12-14,1944-07-09
7,James,Mills,yross@example.net,386.889.9298x387,65946 Tara Pass,Los Angeles,Utah,39425,Korea,2023-04-20,1990-10-19
8,Phyllis,Love,mary53@example.org,344.380.2969x6306,06173 Sydney Via,Los Angeles,Illinois,87951,French Southern Territories,2020-08-31,1941-09-11
9,Ashley,Haas,alexanderthomas@example.com,344-252-4394,808 Torres Heights,Los Angeles,Illinois,54984,British Indian Ocean Territory (Chagos Archipelago),2023-05-07,1955-11-27
10,Anne,Wilkins,cassandrasmith@example.net,(674)795-1375x096,50426 Williams Cliffs Apt. 305,Los Angeles,New Mexico,27604,Sierra Leone,2021-03-13,1989-10-24
11,Theresa,Glass,mary89@example.org,+1-758-846-6345,8428 Thompson Forges Suite 822,New Ronald,South Carolina,17190,Mozambique,2023-02-05,1981-05-25
12,Teresa,Oliver,beth45@example.net,001-437-713-0520,31988 Dean Curve Suite 629,Lake Christophertown,South Carolina,42757,Congo,2022-02-16,1990-08-23
13,Jennifer,Graves,weberdeborah@example.com,(936)817-8552,8290 Dodson Squares,South Cassandraland,Oregon,14935,Gambia,2021-12-20,1967-03-04
14,Michelle,Tate,schmittpaula@example.net,(999)439-7181x45860,70246 Chelsea Summit,Nancyview,Massachusetts,85807,Kiribati,2020-09-18,1961-08-05
15,Jonathan,Crawford,ann16@example.com,001-566-231-5842x65635,43621 Berry Port Suite 996,West Melissaberg,Iowa,78771,British Virgin Islands,2022-12-26,1937-01-12
16,Shelby,Thomas,ubaker@example.com,001-538-635-3890x15877,619 David Manor,Shaunmouth,Kentucky,84175,Grenada,2022-11-10,1942-07-15
17,Marissa,Carter,cabreraleah@example.com,001-795-915-2040x325,23350 David Rue Apt. 706,North Kevin,Utah,69188,Jordan,2022-05-01,1980-02-02
18,Amber,Carter,bjennings@example.org,595-579-6309,7563 Ruben Club,Grahamberg,Rhode Island,60848,Oman,2022-11-05,2003-10-25
19,Taylor,Wyatt,susan31@example.com,001-854-960-8090x28678,43921 Larry Underpass Suite 488,Montgomeryfurt,Ohio,81095,Nicaragua,2020-02-08,1950-12-22
20,Stephanie,Macias,elizabeth46@example.com,(564)620-4140,6660 Stacey Wall Suite 424,Jenniferville,Wyoming,88892,Bangladesh,2023-12-18,1943-04-18
21,Robert,Rios,traceyperry@example.org,+1-495-834-6650x793,658 Lindsey Fork Apt. 855,Marioview,Rhode Island,73210,Tonga,2023-12-30,1941-01-07
22,Lucas,Ramirez,john32@example.com,3609246485,2272 Christopher Manor Apt. 892,South Angela,Wyoming,1961,Paraguay,2020-12-28,1993-11-07
23,Thomas,Allen,michellerobertson@example.org,(280)745-7825x9967,634 Gomez Prairie Apt. 595,North Jennifer,Montana,41838,El Salvador,2022-03-07,1959-04-07
24,Levi,Walker,wgray@example.net,+1-621-416-7332x1472,91937 Deborah Bridge,Jessicatown,Kentucky,7883,Venezuela,2024-02-26,1944-06-21
25,Joshua,Robinson,brandon13@example.org,413.866.0538,517 Gonzales Skyway Suite 016,West Cheryl,New Jersey,27580,Reunion,2023-06-02,1937-02-11
26,David,Rogers,nglover@example.net,+1-287-556-9474x9595,14075 Dennis Motorway,New Jennifer,Ohio,25280,Kuwait,2020-05-22,1969-06-09
27,Karen,Ibarra,greenrobert@example.net,755-493-1355x1701,49790 Johnson Courts,Madisonberg,Oklahoma,17406,Ireland,2023-11-30,1997-12-06
28,Caitlin,Alexander,craigmartin@example.org,+1-925-244-1637x36883,24325 Watson Loop,Lindaburgh,Rhode Island,61770,South Georgia and the South Sandwich Islands,2020-11-09,1937-12-29
29,Jennifer,Lopez,ewingtaylor@example.com,214-706-1977x963,3445 Daniels Meadows,Lake Mark,New Hampshire,2734,Ghana,2020-08-27,1958-11-15
30,Julie,Burch,robinkennedy@example.net,755.724.8337x8544,8952 Owens Brook,Mcdowellville,South Carolina,80747,Jordan,2023-07-13,2003-01-31
31,Heather,Garrett,ericawilson@example.com,784.300.3900x9266,361 Robert Plaza,Hamiltonberg,Ohio,4112,Heard Island and McDonald Islands,2020-11-01,1964-07-28
32,Theresa,Rodriguez,lhester@example.com,+1-316-760-4554x629,409 Melissa Landing,Wilsonton,Connecticut,65281,Macao,2020-09-28,1985-01-21
33,Erik,Johnson,terrimurphy@example.org,554.996.6752x3444,605 Haynes Tunnel,Port James,California,18192,British Indian Ocean Territory (Chagos Archipelago),2023-02-05,1949-02-04
34,Darren,Hicks,joshuajames@example.com,790-304-3891x853,13338 Steven Mission Apt. 948,Morganside,Maryland,91753,United States Minor Outlying Islands,2021-01-15,1947-09-04
35,Amber,Daniel,jesusjordan@example.com,(910)919-9795,35393 Ramirez Groves Suite 430,Nathanielfort,Oklahoma,11927,Georgia,2023-08-04,1936-12-13
36,Michael,Watson,monica78@example.com,(525)342-0054,4972 Eric Village Apt. 418,Nataliefurt,Alaska,37449,Fiji,2021-06-15,2000-08-29
37,Kenneth,Bowman,michael33@example.com,(324)680-5421,771 Morris Common,Gailstad,West Virginia,47109,Russian Federation,2021-04-24,2005-01-07
38,Susan,Levy,edwardreese@example.org,001-349-509-7806,4652 Miller Burg Apt. 514,Christinaborough,South Carolina,82086,Chile,2021-01-11,1948-09-13
39,Jeremy,Sanchez,kimautumn@example.net,+1-263-514-4024x1064,66720 Mcdonald Harbors,East Scott,New Jersey,38050,Bermuda,2020-10-08,1966-04-07
40,Jennifer,Wilson,zpace@example.org,(976)488-9010x7599,356 Sara Gardens,Port Brianville,Texas,52768,Seychelles,2020-07-15,1997-05-03
41,Amanda,Garcia,gregorymitchell@example.org,2223931148,3033 King Fort,Alexismouth,South Carolina,7767,South Africa,2024-04-15,1999-02-16
42,Patricia,Lara,clarkstephanie@example.net,(751)419-9497x3174,48378 Johnson Villages Suite 947,South Johnview,Missouri,15324,Japan,2021-04-23,1934-01-28
43,Heidi,Elliott,lucas58@example.com,(418)392-7921x3647,251 Heidi Lodge Apt. 657,South Lauraland,Missouri,51727,Cape Verde,2022-04-27,1986-01-14
44,Abigail,Kerr,henryjulie@example.com,+1-697-212-9519x2444,18526 Michelle Square Apt. 871,East Kathy,Maryland,63348,Western Sahara,2024-05-21,1948-09-30
45,Daniel,Becker,emacdonald@example.net,331.571.1702x31064,00858 Nichols Trafficway Suite 616,Hernandeztown,Iowa,2179,Qatar,2022-07-18,1959-10-30
46,Jorge,Booker,cjackson@example.com,(392)570-1722x6238,7424 Larry Curve Suite 757,New Jennifermouth,Michigan,91726,Switzerland,2021-04-11,1941-10-18
47,Arthur,Faulkner,hilltimothy@example.org,(918)451-9318x2730,48039 Christopher Isle Apt. 335,Sandersside,Mississippi,21191,Romania,2023-10-11,2000-09-06
48,Julie,Williams,henry20@example.com,401.567.6986x555,7207 Coleman Shoal,Thompsonberg,Wyoming,39086,Mauritius,2021-07-05,1965-03-03
49,Jeremy,Carter,kayla98@example.org,504.867.1194,9607 Wilson Light,Port George,Iowa,92836,Ireland,2024-01-18,1940-02-01
50,Sandy,Scott,xalvarado@example.com,+1-526-743-5435,1276 Nelson Mills,East Gina,Utah,59252,Belgium,2023-01-07,1947-09-13
51,Rebecca,Spencer,uhill@example.net,746.272.6368,0259 Matthew Stream,Jacobhaven,New Mexico,14114,Western Sahara,2022-04-09,1995-12-04
52,Megan,Thompson,marymiller@example.com,+1-903-840-6870x134,454 Joseph Knolls Apt. 401,West Jacob,Tennessee,90587,Hong Kong,2021-09-29,2000-08-29
53,Lisa,Page,robert81@example.net,466-426-2639,780 Thompson Place,New Debra,Wisconsin,10509,Bhutan,2022-12-23,1951-06-17
54,Christina,Tucker,millerdonald@example.com,394-776-4031x0947,62965 Sean Plains,Hallland,Utah,37400,Saint Helena,2022-01-07,1939-05-30
55,Patricia,Webb,kperez@example.com,297-569-6909,41917 Kim Freeway,East Michelle,Maryland,62581,Australia,2021-01-26,1991-09-04
56,Anne,Doyle,samanthaperez@example.net,(201)618-4031,87093 Martin Ridge,Anthonystad,Alabama,36098,Somalia,2020-04-02,1941-06-05
57,Michael,Sutton,cjohnson@example.net,825-871-5592x66981,965 Campbell Inlet,Jacobfort,Illinois,86134,British Virgin Islands,2021-11-24,1950-05-20
58,Shannon,Smith,kimandrew@example.com,(381)744-7462x058,3348 Norris Overpass Suite 788,New Alvin,Massachusetts,88676,Denmark,2023-07-14,2002-02-04
59,Robert,Douglas,smithdavid@example.com,730-458-5364x1502,148 Jennifer Crescent,Gordonbury,New Jersey,15719,China,2024-04-02,1978-03-01
60,Erin,King,dwilliamson@example.org,702.394.3219,12007 Christopher Grove Apt. 705,West Dana,Colorado,62699,Burundi,2022-12-05,1967-04-18
61,Carrie,Buchanan,xsmith@example.net,709.814.4828x487,6813 Shields Curve,Conwayshire,South Carolina,6267,New Caledonia,2021-02-15,1937-05-17
62,Dawn,King,heathersmith@example.com,+1-522-587-1617x64294,701 Diaz Trail Apt. 566,Port Jenniferton,South Dakota,96256,Norfolk Island,2021-10-02,1981-10-13
63,Deborah,Ellis,brenda73@example.com,828.231.6377,8710 Vincent Mews Apt. 841,East Jane,Alaska,17208,Estonia,2020-04-30,1993-10-04
64,Jennifer,Thompson,kramercarolyn@example.org,(503)357-0505x5579,92405 Reeves Spur Apt. 596,Port Christopher,California,20895,Svalbard & Jan Mayen Islands,2021-11-14,1974-05-11
65,Angel,Marshall,gardnerdavid@example.org,888-902-1549,570 Kidd Streets Suite 148,Clairestad,South Dakota,56437,Brazil,2021-05-29,1968-11-12
66,Dennis,Gregory,dshields@example.net,+1-537-961-2424,18882 Marie Knoll Apt. 398,Haleshire,Connecticut,91189,Morocco,2021-04-15,1934-11-07
67,Kayla,Carr,jonathan40@example.net,745.602.2654,928 Kirby Ports,Lake Stevenfort,Texas,47205,Canada,2022-05-31,1991-12-29
68,Matthew,Fernandez,edwardsanford@example.com,8954549978,52200 Brandy Meadows Apt. 435,Millerhaven,Arizona,74584,Solomon Islands,2020-10-14,1981-07-01
69,Jessica,Collins,rebekah71@example.net,+1-376-484-9472x1323,2186 John Isle,North Joyce,Connecticut,11477,Christmas Island,2023-11-06,1935-02-12
70,Bradley,Day,anthonysmith@example.org,788.854.6973x289,5952 Underwood Walk Apt. 389,New Jamesmouth,Louisiana,11578,Jordan,2020-09-12,1997-11-10
71,Patrick,Jimenez,yjones@example.com,350-539-4924x1010,2291 Burton Alley Suite 364,Carlosstad,New Jersey,41719,Malawi,2023-03-31,1940-03-12
72,Kristopher,Nguyen,murphyeric@example.com,322-536-1565,3595 Paul Mews,Hughesside,Georgia,93173,Haiti,2020-07-09,1943-07-06
73,Danielle,Jones,bmartinez@example.com,758-919-0605x7095,4366 Smith Streets,Rebeccaview,Mississippi,65927,Madagascar,2022-09-12,1999-10-07
74,Kelly,Miller,tanderson@example.com,860.467.7959,907 David Rest Apt. 854,Kelleyshire,Alabama,29604,Martinique,2022-02-10,2005-06-10
75,Kelsey,Martin,cody80@example.net,(268)792-1275x38474,877 Kelly Loop Apt. 107,Port Emily,Rhode Island,49540,Bermuda,2021-02-05,1998-10-24
76,Maurice,Santos,kristy84@example.org,281-804-3214x772,073 Diaz Heights Apt. 414,Smithland,Oregon,71081,French Polynesia,2020-01-19,1971-02-26
77,Raymond,Moyer,nicholasthomas@example.org,601.575.3701x38246,515 Phillip Burg,Christopherstad,New Jersey,89246,Liechtenstein,2023-02-25,1971-01-01
78,Natasha,Smith,jasonbenson@example.org,001-937-859-6136,65101 Crystal Loop Suite 811,Henrytown,New Hampshire,97626,Rwanda,2020-02-17,1957-10-19
79,Anthony,Johnson,cthomas@example.net,688-593-8735x01481,308 Amy Divide,Jamesview,Washington,1269,Anguilla,2020-03-15,1967-04-15
80,Veronica,Moore,jbyrd@example.com,(312)919-0882x897,654 Manuel Loop Apt. 043,Jessicashire,Tennessee,54184,Dominica,2023-07-02,1980-07-25
81,Jason,Hart,burnettdestiny@example.net,8449516141,38960 Jody Loop Suite 304,South Michael,Iowa,4176,Martinique,2023-02-14,1981-03-15
82,Cody,Melendez,timothy74@example.org,+1-773-373-3074,6091 Cardenas Meadow Suite 744,Mossshire,Arizona,30796,Saint Vincent and the Grenadines,2022-08-22,1948-02-18
83,William,Malone,herreradavid@example.net,(696)840-9872x42726,120 Christine Lock,New Christina,North Dakota,23924,Jordan,2022-11-01,1981-09-13
84,Ashley,Hunter,edwinstevenson@example.com,453-386-7473x39122,47390 Amy Grove Apt. 726,East Mackenzieton,North Dakota,51970,Bahrain,2023-04-17,1947-12-14
85,Tammy,Johnson,cindy86@example.com,001-973-900-3031,478 Kennedy Land Suite 635,East Steve,Georgia,85471,Togo,2022-11-23,1996-04-20
86,Christopher,Wang,carneysteven@example.net,+1-359-309-5621x87637,57376 Gibson Meadows,West Johnhaven,North Dakota,24794,Argentina,2022-09-10,1987-05-22
87,Stanley,Webb,zmorse@example.net,+1-225-621-4541x53182,18516 Christina Fork,Stoneton,Alaska,5719,Timor-Leste,2022-05-15,1958-05-02
88,Lindsey,Holder,laurenrivera@example.net,346.496.6573,95982 Richard Squares,New Jessicaside,Maryland,61317,Kuwait,2023-02-08,1982-10-06
89,Juan,White,michelle57@example.org,001-604-529-9518x694,236 Baker Inlet,Gomezview,Iowa,50888,Brazil,2020-08-24,1973-10-12
90,Rebecca,Hines,carol55@example.org,406.234.8452,12039 Neal Fall,New Amandaside,West Virginia,16238,South Georgia and the South Sandwich Islands,2021-12-09,1988-09-12
91,Katherine,Marsh,bowenbryan@example.net,+1-987-953-9900x88024,722 Hamilton Meadow Apt. 999,Michellechester,Kentucky,6160,Honduras,2023-04-05,1989-02-09
92,Devin,Hall,josegomez@example.net,840-460-3839x39194,17445 Kenneth Lane Apt. 388,Port Alexandria,Delaware,65434,Namibia,2021-04-25,1995-03-05
93,Brittany,Lopez,mathewbenson@example.com,897-570-3297x84182,6569 Daniel Union Suite 363,South Nathanbury,South Carolina,86442,Guinea,2023-04-24,1998-03-03
94,Laura,Parrish,derekmorgan@example.net,(423)266-5942x486,12914 David Knoll,Larrystad,Montana,61748,Slovakia (Slovak Republic),2021-12-31,1953-03-27
95,Randall,Martin,fischerduane@example.net,895.850.0798x1810,058 Rodriguez Knolls,Shaunton,North Dakota,59477,American Samoa,2022-12-01,1999-11-04
96,Timothy,Harmon,jason70@example.org,(380)465-7197x395,907 Marc Crossroad,East Richardhaven,Iowa,80822,Dominican Republic,2022-10-21,2004-02-19
97,Jessica,Miller,phelpsmarvin@example.org,+1-621-655-2478x8874,5445 Flynn Forge Apt. 036,Ryanfort,New York,97405,Tokelau,2021-10-18,1956-01-09
98,Julie,Walker,pamelathompson@example.org,+1-273-684-7482x7548,78221 Horton Wall,Port Gail,Washington,74742,Grenada,2022-09-24,1975-03-28
99,Brenda,Wong,hsmith@example.net,646-520-8104x02464,197 Grant Underpass Suite 575,Haleyville,Alabama,63195,Kyrgyz Republic,2020-05-25,1999-10-13
100,Sarah,Burgess,denisewalker@example.com,+1-946-534-5908x002,08211 Smith Harbor,Lake Michael,North Dakota,5405,Isle of Man,2023-01-29,1971-05-31
101,Victor,Harrison,charper@example.net,+1-824-456-5867x47159,34298 Brown Hollow,Floresshire,Texas,32889,Bolivia,2022-04-06,1959-09-11
102,Danny,Graham,joanncoleman@example.org,001-358-759-6949x782,41376 Wu Knoll,Hollyfurt,Kentucky,13107,United States Minor Outlying Islands,2020-04-22,1968-07-12
103,Tim,Lopez,ewheeler@example.org,(714)861-8306,02370 Orr Radial Apt. 073,East Mariah,Pennsylvania,20714,Vanuatu,2022-11-24,1993-01-18
104,Cathy,Ortega,hfoster@example.com,(995)405-2896x69386,87130 Duran Knolls,Johnathanborough,Kansas,87838,Norfolk Island,2023-05-11,1943-12-08
105,Darren,Williams,williamlopez@example.net,(908)257-9671,1477 Smith Via Apt. 544,Port Jessica,Michigan,36722,New Caledonia,2023-09-24,1964-09-01
106,Pamela,Campbell,cynthia47@example.com,540-749-4069,7153 Parks Forge Apt. 760,Matthewberg,Idaho,48800,Romania,2021-04-15,2002-06-20
107,Caleb,Vazquez,daniellewright@example.com,869-535-6146,9516 Hampton Course Suite 239,Lake Christine,Indiana,28232,Singapore,2020-10-01,1971-10-05
108,Jackson,Cortez,stephensjill@example.net,(955)342-0924x510,1835 Kristin Locks,Katrinastad,Maine,83612,Somalia,2020-08-01,1960-04-26
109,William,Williams,jwall@example.com,(784)567-6529,23215 Julie Fall,Riveraport,Florida,18658,Netherlands Antilles,2024-01-13,1947-08-16
110,David,Morales,christinaanderson@example.com,001-898-481-7707,62777 Payne Landing Suite 035,Waltertown,North Dakota,96103,Monaco,2020-01-03,1984-10-18
111,Julian,Webb,mitchellsmith@example.net,319.996.8929,48789 Lopez Keys Suite 546,South Juanland,Pennsylvania,82295,Marshall Islands,2024-05-08,1981-04-24
112,Zachary,Henderson,andreamclean@example.net,877-487-5199x37515,7379 Jason Isle,Ericside,Massachusetts,16546,Togo,2024-03-27,1944-03-28
113,Brian,Sherman,emmahill@example.net,393-578-4119x208,00074 Joseph Locks Suite 685,North Amberfurt,Florida,8333,Senegal,2020-09-22,1993-09-14
114,Sandra,Adams,michaelflores@example.net,+1-635-575-8372x69631,421 Austin Hill,Whitneyton,Washington,14266,Martinique,2022-05-22,1967-11-16
115,Paul,Austin,juan49@example.net,001-216-542-4456x139,2551 Emily Bridge,Patrickside,Virginia,58601,Swaziland,2021-10-17,1986-05-03
116,Gregory,Hansen,david15@example.com,6989933911,49562 Lopez Spurs,Sheilamouth,Minnesota,37990,United States Virgin Islands,2022-09-15,1940-06-07
117,Devon,Mathis,higginswendy@example.com,252.963.9954x2590,954 Angela Cove,North Rachaelview,Arkansas,97895,Estonia,2023-05-02,1976-08-22
118,Craig,Fisher,russellpenny@example.com,515-499-5558,22166 Gaines Greens,New Johnberg,Vermont,75681,Kuwait,2020-11-25,1950-06-11
119,William,Ortiz,gkaufman@example.net,001-623-745-4922x015,7087 Matthew Field Suite 515,West Michaeltown,Nevada,25542,Svalbard & Jan Mayen Islands,2020-01-11,1964-08-09
120,Kristen,Howell,salazarjonathan@example.net,285.281.3140,09738 Bass Ferry,Rossmouth,Nebraska,88245,Christmas Island,2023-11-30,1947-09-18
121,Heidi,Wright,jeremy81@example.net,(608)938-9130x412,8529 Brown Knoll Suite 549,Grahamtown,Michigan,91512,Tanzania,2020-05-12,1974-06-18
122,Paula,Rice,wnguyen@example.org,001-559-284-6152x10685,573 Brett Extensions Apt. 324,Rachelview,Missouri,72334,Congo,2024-05-17,1953-02-17
123,Barry,Dickerson,cmontes@example.org,845.561.0095,2104 Yu Flat,West Victoria,Delaware,19571,Barbados,2021-05-10,1935-05-22
124,Robin,Mills,jeffersonfrederick@example.org,+1-728-521-6601,864 Joseph Crest,Chapmanview,Minnesota,11531,Dominica,2024-04-09,1973-05-28
125,Amanda,Green,dominique40@example.net,4062085783,48801 Hunter Groves,West Joshuamouth,Wisconsin,31493,Bahrain,2021-02-10,1944-08-08
126,Mary,Hayden,troy73@example.com,(883)819-1018,22192 Strong Divide Suite 398,Howellton,Nebraska,31822,Mexico,2023-07-31,1991-04-29
127,James,Zuniga,qgardner@example.org,593.470.8474,4416 Lopez Creek,East Stevenmouth,California,14622,Gabon,2023-01-11,1947-04-17
128,Pedro,Hammond,fgolden@example.com,(430)538-5375x5704,5044 Nichols Centers,Lake Courtneytown,Louisiana,9658,Palau,2020-03-23,1967-01-15
129,Heather,Davidson,dianebowman@example.net,+1-884-295-8559x3415,55470 Valentine Centers,Maciasside,Ohio,97037,Lithuania,2022-01-06,1933-07-01
130,Lynn,Anderson,susanjones@example.org,+1-850-313-2017,01237 Scott Throughway Suite 007,East Sarahfort,Pennsylvania,10177,Montenegro,2022-12-26,1939-07-26
131,Michael,Cordova,carriesmall@example.net,393-871-9351x31689,784 Walters Forks,Ramireztown,Florida,23819,Mongolia,2023-08-17,1939-01-18
132,Olivia,Schultz,xhernandez@example.org,211.947.1681x040,366 Rachael Hills,Dalemouth,Georgia,26971,Christmas Island,2023-07-10,1955-11-14
133,Alisha,Cooley,harveydennis@example.com,(563)803-8624,0175 Eugene Glen,Port Brittney,Pennsylvania,14969,Lebanon,2021-09-19,1976-07-01
134,Heather,Howard,lbrown@example.com,949.680.4223,00595 Jennifer Extension Suite 283,East Heather,South Carolina,62946,Zimbabwe,2021-02-22,1962-04-28
135,Jerry,Quinn,nathanmorales@example.org,2079195349,6370 Blackwell Courts Suite 348,Zimmermanport,Nevada,87224,Vanuatu,2022-12-15,1963-05-04
136,Christopher,Miller,cynthia49@example.com,001-541-303-8665x669,41232 Wilson Field Apt. 538,West Williamhaven,Indiana,97654,Norfolk Island,2022-05-16,1974-11-17
137,Richard,Snyder,darren48@example.org,001-303-603-2564x74434,04622 Megan Shoals Suite 953,Port Vanessamouth,Michigan,41057,Azerbaijan,2024-04-03,1986-08-16
138,Madison,Thompson,garybowers@example.org,+1-612-839-3048x343,9146 Stout Mills,North Brent,California,10233,Colombia,2022-03-26,1991-12-29
139,Christine,Day,pamela46@example.com,001-311-301-1446x25113,44615 Ryan Well,Jameshaven,Nevada,54052,Ecuador,2020-05-12,1953-05-16
140,Ashley,Johnson,melinda09@example.net,759.894.1966,2342 Guzman Grove Suite 852,West Rita,North Dakota,19100,Rwanda,2022-12-08,1975-06-07
141,Lynn,Duke,jmendoza@example.org,(899)794-9247x7818,785 Whitaker Oval Apt. 802,Tinamouth,South Dakota,43645,Armenia,2020-07-17,1954-03-13
142,Tyler,Lopez,jphillips@example.net,560-607-9886x98726,535 Nicole Valley,Taylorland,Massachusetts,98947,Saint Vincent and the Grenadines,2024-05-13,1934-08-21
143,Laurie,Ballard,hansonedward@example.com,001-505-724-8843x25366,210 Douglas Hollow Suite 130,New Kelliefort,New Jersey,93977,Heard Island and McDonald Islands,2020-10-19,1960-09-19
144,Ryan,Young,nathanielmorris@example.com,(763)640-2415,272 Mitchell Villages,Rossburgh,North Carolina,67246,North Macedonia,2021-06-09,1949-02-06
145,Gary,Benson,ambernelson@example.org,608-486-3199,1863 Hood Skyway,New Lisaside,Massachusetts,34113,Puerto Rico,2020-07-02,1947-07-08
146,Alexis,Mcdonald,ivanadams@example.org,229.528.3074x798,44087 Alvarado Port,North Markton,Ohio,87288,Luxembourg,2020-08-18,1982-02-09
147,Heather,Juarez,bcampbell@example.org,(430)576-3558,4191 Kevin Centers,Johnborough,Arkansas,32047,Korea,2023-11-26,1946-03-11
148,Melissa,Wood,danielcarpenter@example.net,756.651.9229,6704 Robertson Loaf,West Jenniferberg,New Mexico,60575,Nigeria,2022-03-27,1939-01-16
149,Michelle,Matthews,patriciamccoy@example.net,6029431053,62990 Randall Points Apt. 347,Diazchester,Maine,7678,Cuba,2020-06-03,2003-12-05
150,Kimberly,Galloway,larry35@example.org,8319733355,4857 Ian Gateway Suite 102,Lake Jennifertown,West Virginia,58281,Eritrea,2023-07-14,1950-03-20
151,Mary,Preston,amybartlett@example.net,(673)342-7995x83799,30891 Rhonda Drive Apt. 422,Pamelachester,South Dakota,52077,Namibia,2023-05-14,1956-04-19
152,Jennifer,Burns,brycerogers@example.net,8434028811,9080 Judith Cliff,West Donaldbury,Texas,30210,Bolivia,2024-04-24,1973-03-01
153,Heather,Savage,peterblack@example.org,5899939821,07927 Deborah Cliffs Apt. 495,North Leemouth,Maine,75955,Somalia,2021-06-23,1953-05-29
154,Katherine,Collier,tinawright@example.org,001-224-723-8555x2953,314 Ford Ford Suite 624,Lake Bryan,South Dakota,18156,Qatar,2024-01-07,1961-12-12
155,Brian,Gonzales,khernandez@example.com,579-951-9712x0751,5196 Barker Vista,Andersonside,Ohio,6082,Mauritius,2022-12-09,1952-07-24
156,Robert,Rollins,donaldlawson@example.org,+1-807-804-7853,6913 Lawrence Ridges,Port Cory,South Carolina,54578,Luxembourg,2024-04-06,1974-03-22
157,Andrew,Thomas,kennethnelson@example.com,7592986995,9270 King Hills Suite 147,New Savannahborough,West Virginia,38728,El Salvador,2023-12-29,1961-09-06
158,Brian,Graham,jennifermiller@example.net,+1-600-269-0835x80315,102 Cooper Villages,Lake Robertburgh,West Virginia,2685,Cook Islands,2020-11-21,1950-09-18
159,Carol,Tucker,jonathon76@example.com,+1-750-506-6528x61282,9480 Osborn Path Suite 401,Port Peterside,Kentucky,92846,Paraguay,2020-08-08,1946-07-24
160,Cheryl,Johnson,sandovaldavid@example.net,405-426-4213x657,3202 Stewart Mills,East Jessestad,North Carolina,77134,United Kingdom,2022-03-02,1995-07-27
161,David,Porter,lindajackson@example.org,(331)922-1858x242,0103 Thompson Land,Lake Christopher,Maryland,53870,Eritrea,2023-11-15,1966-03-12
162,Steve,Brown,bryan53@example.net,001-346-457-7773x83176,977 Hill Common,South Williambury,California,89536,Mongolia,2021-11-07,1959-12-11
163,Alicia,Nguyen,hkim@example.com,(968)525-3496x6191,7873 Tanya Haven Apt. 915,East Curtis,South Carolina,91859,Jersey,2023-10-05,1971-08-20
164,James,Rodriguez,tarmstrong@example.org,001-259-708-2364,653 Anna Causeway Apt. 057,Johnsonbury,New York,9387,Samoa,2023-05-29,2002-05-15
165,Amanda,Rose,walshlaurie@example.org,314-997-9868x61989,5402 Baker Ridges Apt. 936,Haroldtown,Arizona,89263,Palau,2023-05-21,2002-11-14
166,Kimberly,Harrison,alison81@example.com,+1-744-922-5701x18527,674 Cochran Green Apt. 457,Sellersberg,Utah,53510,Holy See (Vatican City State),2023-03-26,1983-05-07
167,Kayla,Griffin,latashawade@example.com,(378)221-9787,200 Walters Pike Suite 296,Lake Davidhaven,Pennsylvania,88193,Saudi Arabia,2023-04-30,1957-06-18
168,Zachary,Cox,kathryn88@example.net,700.647.4611,5700 Rowe Harbor Apt. 217,Port Kyle,Washington,27769,Korea,2022-05-02,1962-04-21
169,Christine,Cunningham,ethan99@example.net,+1-778-436-1728x67822,9241 Allen Valley,Jessicahaven,Wisconsin,39415,French Southern Territories,2021-07-10,1949-10-21
170,Kevin,Hoffman,prattamy@example.com,419.884.2676x4212,23188 Washington Junction,South Debbieside,Oklahoma,76864,Argentina,2022-02-24,1996-09-17
171,Alison,Garcia,jenkinsabigail@example.net,977.942.7344x6894,270 Thompson Vista Apt. 615,Williamsonside,Illinois,53754,Sao Tome and Principe,2022-09-23,1951-12-11
172,Rodney,Bishop,morgannicholas@example.com,+1-817-607-8622,178 Thornton Burgs,Shellyland,Georgia,74823,Panama,2020-03-22,1971-02-08
173,Leah,Thomas,tammy97@example.org,+1-949-734-1265,82575 Stephanie Park Suite 115,Kristiside,Utah,27028,Suriname,2020-03-25,1997-10-19
174,Danny,Rogers,tsmith@example.org,6076994428,4344 David Islands,Moyerfort,Connecticut,86761,Montenegro,2022-07-10,1986-07-03
175,Erica,Brown,robert56@example.com,7983694918,82708 Santos Inlet Apt. 210,North Ashley,Connecticut,28461,Canada,2021-06-08,1965-03-12
176,Sharon,Higgins,lisahoward@example.com,207.979.0632x663,5143 Brittany View,Lake Traceymouth,Montana,99662,Gibraltar,2021-05-29,1985-03-01
177,Steven,Daniels,james35@example.com,361-209-7113,09363 Betty Islands Apt. 648,Johnhaven,Missouri,6988,Comoros,2022-10-10,1976-07-31
178,Anne,Hernandez,dianeharvey@example.org,(202)238-7405x40900,0628 Madden Glens Apt. 034,Lake Steventon,Michigan,50954,Greenland,2021-12-22,1949-08-13
179,Melissa,Campbell,thomascollier@example.net,+1-632-449-2772x26114,05055 Park Turnpike,Kleinfurt,Iowa,46663,Macao,2021-03-11,1997-01-27
180,Hannah,Vasquez,shirley51@example.org,(958)384-1358x99507,895 Wiggins Ports,East Jessicaton,Indiana,84004,Somalia,2024-03-25,1954-04-17
181,Rhonda,Mendoza,bbanks@example.org,922-954-2038,57331 Aaron Fork Apt. 669,East Marcus,South Dakota,70629,Saint Barthelemy,2020-07-15,1994-02-24
182,Rodney,Bruce,jason08@example.com,722-869-0266x5996,8561 Angela Trail Suite 367,Evanville,New York,69458,Brunei Darussalam,2023-02-27,1972-11-27
183,William,Sullivan,danielle20@example.net,(703)525-5646x2771,801 Ricky Keys,Debramouth,Kansas,40984,Niue,2023-10-09,1984-04-16
184,Matthew,White,lauren41@example.org,001-509-866-6223x44189,6610 Bowers Spring,New Jessicachester,Connecticut,37807,United States of America,2023-11-10,1986-01-17
185,John,Little,jaredfranklin@example.net,862-355-0154,214 Delgado Place Apt. 745,Port Benjamin,Kansas,8950,Nauru,2020-12-04,2001-03-14
186,Christopher,Salas,hwagner@example.net,6422730299,7064 Marcus Wall Suite 403,West Anna,Colorado,91665,Poland,2020-10-02,1982-05-24
187,Michael,Galvan,todd69@example.com,(556)348-3241x838,930 Jeremy Mountain,Shannonville,Florida,23256,Niger,2023-12-13,1945-02-02
188,James,Thompson,loriobrien@example.org,771.445.9396x1471,524 Rhodes Ville,East Andrea,Alabama,84104,Madagascar,2022-10-20,1949-03-12
189,William,Chapman,emendez@example.net,357.729.4954x183,6128 Ashlee Camp Suite 007,Margaretbury,Louisiana,57398,Turkmenistan,2022-06-01,1985-09-20
190,Paul,Estes,erichawkins@example.net,+1-689-958-6879x931,7600 Stephanie Hills,Clarkmouth,Ohio,6944,Western Sahara,2021-10-23,1938-11-30
191,Francisco,Thornton,cclark@example.com,(989)491-6866,9922 Colleen Plains Suite 677,Lake Joshuahaven,Kentucky,65810,Sierra Leone,2023-07-29,1961-04-05
192,Melissa,Armstrong,icooper@example.org,(992)210-7113x792,412 Belinda Summit,Whitechester,Hawaii,49767,Greenland,2023-03-16,1997-05-10
193,Ethan,Watkins,richard83@example.net,(301)694-9735x22606,353 Beasley Way Suite 544,East Rachael,Georgia,73865,Argentina,2020-08-03,1970-11-06
194,Jonathan,Barber,michael63@example.com,001-985-984-2020x2097,36913 Mendoza Extension,Nguyenview,Oklahoma,31883,Georgia,2022-06-22,1944-10-18
195,Alexander,Brown,lisa51@example.com,579.449.0861x64220,29226 Jamie Forge Apt. 849,East Howard,Minnesota,36957,Lao People's Democratic Republic,2020-12-21,1937-12-28
196,Stacy,Chang,kfischer@example.com,756.805.3876x71040,2511 Stephanie Walks,Timothyton,New York,16677,Poland,2023-02-22,1944-04-14
197,Ruben,Blackburn,michelle91@example.org,+1-280-809-3056x035,66463 Nathan Valleys,Rodriguezhaven,Tennessee,64917,Eritrea,2021-04-15,1956-12-05
198,Jennifer,Woods,michael67@example.net,(672)243-1761,571 Sandra Hills Apt. 010,Paulshire,Utah,83396,Bermuda,2022-06-18,1943-04-22
199,Jason,Shelton,sherry05@example.net,428.768.6564x2272,7283 Brenda Plain Suite 609,North Ashleyland,Arizona,20976,Bolivia,2020-05-03,1963-08-10
200,Nicole,Stewart,jerrymontgomery@example.org,+1-929-227-1036,0957 Lee Shoals Suite 833,Jacquelineport,Arkansas,63510,Swaziland,2020-10-14,1983-07-21
